ESTADO/PROVÍNCIA;PAÍS/REGIÃO;PAIS/ESTADO;LAT;LON;1 º DIA;2 º DIA;3 º DIA;4 º DIA;5 º DIA;6 º DIA;7 º DIA;8 º DIA;9 º DIA;10 º DIA;11 º DIA;12 º DIA;13 º DIA;14 º DIA;15 º DIA;16 º DIA;17 º DIA;18 º DIA;19 º DIA;20 º DIA;21 º DIA;22 º DIA;23 º DIA;24 º DIA;25 º DIA;26 º DIA;27 º DIA;28 º DIA;29 º DIA;30 º DIA;31 º DIA;32 º DIA;33 º DIA;34 º DIA;35 º DIA;36 º DIA;37 º DIA;38 º DIA;39 º DIA;40 º DIA;41 º DIA;42 º DIA;43 º DIA;44 º DIA;45 º DIA;46 º DIA;47 º DIA;48 º DIA;49 º DIA;50 º DIA;51 º DIA;52 º DIA;53 º DIA;54 º DIA;55 º DIA;56 º DIA;57 º DIA;58 º DIA;59 º DIA;60 º DIA;61 º DIA;62 º DIA;63 º DIA;64 º DIA;65 º DIA;66 º DIA;67 º DIA;68 º DIA;69 º DIA
;Afghanistan;Afghanistan;33.0;65.0;1;1;1;1;1;1;1;1;1;1;1;1;1;4;4;5;7;7;7;11;16;21;22;22;22;24;24;40;40;74;84;94;110;110;120;170;;;;;;;;;;;;;;;;;;;;;;;;;;;;;;;;;
;Albania;Albania;411.533;201.683;2;10;12;23;33;38;42;51;55;59;64;70;76;89;104;123;146;174;186;197;212;223;;;;;;;;;;;;;;;;;;;;;;;;;;;;;;;;;;;;;;;;;;;;;;;
;Algeria;Algeria;280.339;16.596;1;1;1;1;1;1;3;5;12;12;17;17;19;20;20;20;24;26;37;48;54;60;74;87;90;139;201;230;264;302;367;409;454;511;584;;;;;;;;;;;;;;;;;;;;;;;;;;;;;;;;;;
;Andorra;Andorra;425.063;15.218;1;1;1;1;1;1;1;1;1;1;1;1;1;1;2;39;39;53;75;88;113;133;164;188;224;267;308;334;370;;;;;;;;;;;;;;;;;;;;;;;;;;;;;;;;;;;;;;;;
;Angola;Angola;-112.027;178.739;1;2;2;3;3;3;4;4;5;7;7;;;;;;;;;;;;;;;;;;;;;;;;;;;;;;;;;;;;;;;;;;;;;;;;;;;;;;;;;;
;Antigua and Barbuda;Antigua and Barbuda;170.608;-617.964;1;1;1;1;1;1;1;1;1;1;3;3;3;7;7;7;7;7;;;;;;;;;;;;;;;;;;;;;;;;;;;;;;;;;;;;;;;;;;;;;;;;;;;
;Argentina;Argentina;-384.161;-636.167;1;1;1;2;8;12;12;17;19;19;31;34;45;56;68;79;97;128;158;266;301;387;387;502;589;690;745;820;;;;;;;;;;;;;;;;;;;;;;;;;;;;;;;;;;;;;;;;;
;Armenia;Armenia;400.691;450.382;1;1;1;1;1;1;1;1;1;1;1;4;8;18;26;52;78;84;115;136;160;194;235;249;265;290;329;407;424;482;;;;;;;;;;;;;;;;;;;;;;;;;;;;;;;;;;;;;;;
Australian Capital Territory;Australia;Australia - Australian Capital Territory;-354.735;1.490.124;1;1;1;2;2;3;4;6;9;19;32;39;39;53;62;71;77;78;;;;;;;;;;;;;;;;;;;;;;;;;;;;;;;;;;;;;;;;;;;;;;;;;;;
New South Wales;Australia;Australia - New South Wales;-338.688;1.512.093;3;4;4;4;4;4;4;4;4;4;4;4;4;4;4;4;4;4;4;4;4;4;4;4;4;4;4;4;4;4;4;4;4;4;4;6;6;13;22;22;26;28;38;48;55;65;65;92;112;134;171;210;267;307;353;436;669;669;818;1029;1219;1405;1617;1791;2032;;;;
Northern Territory;Australia;Australia - Northern Territory;-124.634;1.308.456;1;1;1;1;1;1;1;1;1;1;1;1;3;3;5;5;6;6;12;12;15;15;15;;;;;;;;;;;;;;;;;;;;;;;;;;;;;;;;;;;;;;;;;;;;;;
Queensland;Australia;Australia - Queensland;-280.167;153.4;1;3;2;3;2;2;3;3;4;5;5;5;5;5;5;5;5;5;5;5;5;5;5;5;5;5;5;5;5;5;5;9;9;9;11;11;13;13;13;15;15;18;20;20;35;46;61;68;78;94;144;184;221;259;319;397;443;493;555;625;656;689;;;;;;;
South Australia;Australia;Australia - South Australia;-349.285;1.386.007;1;2;2;2;2;2;2;2;2;2;2;2;2;2;2;2;2;2;2;2;2;2;2;2;2;2;2;2;3;3;3;3;5;5;7;7;7;7;7;9;9;16;19;20;29;29;37;42;50;67;100;134;170;170;235;257;287;299;305;;;;;;;;;;
Tasmania;Australia;Australia - Tasmania;-414.545;1.459.707;1;1;1;1;1;1;2;2;2;3;3;5;5;6;7;7;10;10;10;16;22;28;28;36;47;47;62;66;66;;;;;;;;;;;;;;;;;;;;;;;;;;;;;;;;;;;;;;;;
Victoria;Australia;Australia - Victoria;-378.136;1.449.631;1;1;1;1;2;3;4;4;4;4;4;4;4;4;4;4;4;4;4;4;4;4;4;4;4;4;4;4;4;4;4;4;4;4;7;7;9;9;10;10;10;11;11;15;18;21;21;36;49;57;71;94;121;121;121;229;355;355;411;466;520;574;685;769;821;;;;
Western Australia;Australia;Australia - Western Australia;-319.505;1.158.605;2;2;2;2;2;3;3;3;3;4;6;9;9;14;17;17;28;31;35;52;64;90;120;140;175;175;231;231;278;311;355;;;;;;;;;;;;;;;;;;;;;;;;;;;;;;;;;;;;;;
;Austria;Austria;475.162;145.501;2;2;3;3;9;14;18;21;29;41;55;79;104;131;182;246;302;504;655;860;1018;1332;1646;2013;2388;2814;3582;4474;5283;5588;6909;7657;8271;8788;9618;;;;;;;;;;;;;;;;;;;;;;;;;;;;;;;;;;
;Azerbaijan;Azerbaijan;401.431;475.769;3;3;3;3;6;6;9;9;9;11;11;11;15;15;23;28;28;28;44;44;53;65;72;87;93;122;165;182;209;273;;;;;;;;;;;;;;;;;;;;;;;;;;;;;;;;;;;;;;;
;Bahamas;Bahamas;250.343;-773.963;1;1;1;3;3;4;4;4;5;5;9;10;10;11;14;;;;;;;;;;;;;;;;;;;;;;;;;;;;;;;;;;;;;;;;;;;;;;;;;;;;;;
;Bahrain;Bahrain;260.275;50.55;1;23;33;33;36;41;47;49;49;52;55;60;85;85;95;110;195;195;195;210;214;214;228;256;278;285;305;334;377;392;419;458;466;476;499;515;;;;;;;;;;;;;;;;;;;;;;;;;;;;;;;;;
;Bangladesh;Bangladesh;23.685;903.563;3;3;3;3;3;3;3;5;8;10;14;17;20;25;27;33;39;39;44;48;48;48;49;;;;;;;;;;;;;;;;;;;;;;;;;;;;;;;;;;;;;;;;;;;;;;
;Barbados;Barbados;131.939;-595.432;2;2;5;5;6;14;17;18;18;18;24;26;33;33;;;;;;;;;;;;;;;;;;;;;;;;;;;;;;;;;;;;;;;;;;;;;;;;;;;;;;;
;Belarus;Belarus;537.098;279.534;1;1;1;1;1;6;6;6;6;6;6;9;9;12;27;27;27;36;36;51;51;69;76;76;81;81;86;86;94;94;94;152;;;;;;;;;;;;;;;;;;;;;;;;;;;;;;;;;;;;;
;Belgium;Belgium;508.333;4.0;1;1;1;1;1;1;1;1;1;1;1;1;1;1;1;1;1;1;1;1;1;1;1;1;1;1;2;8;13;23;50;109;169;200;239;267;314;314;559;689;886;1058;1243;1486;1795;2257;2815;3401;3743;4269;4937;6235;7284;9134;10836;11899;;;;;;;;;;;;;
;Benin;Benin;93.077;23.158;1;1;2;2;2;2;2;5;6;6;6;6;6;6;6;;;;;;;;;;;;;;;;;;;;;;;;;;;;;;;;;;;;;;;;;;;;;;;;;;;;;;
;Bhutan;Bhutan;275.142;904.336;1;1;1;1;1;1;1;1;1;1;1;1;1;1;2;2;2;2;2;2;2;3;3;4;4;;;;;;;;;;;;;;;;;;;;;;;;;;;;;;;;;;;;;;;;;;;;
;Bolivia;Bolivia;-162.902;-635.887;2;2;3;10;10;11;11;12;12;15;19;24;27;29;32;43;61;74;81;97;;;;;;;;;;;;;;;;;;;;;;;;;;;;;;;;;;;;;;;;;;;;;;;;;
;Bosnia and Herzegovina;Bosnia and Herzegovina;439.159;176.791;2;2;3;3;3;5;7;11;13;18;24;25;26;38;63;89;93;126;136;166;176;191;237;258;323;368;;;;;;;;;;;;;;;;;;;;;;;;;;;;;;;;;;;;;;;;;;;
;Brazil;Brazil;-14.235;-519.253;1;1;1;2;2;2;2;4;4;13;13;20;25;31;38;52;151;151;162;200;321;372;621;793;1021;1546;1924;2247;2554;2985;3417;3904;4256;4579;;;;;;;;;;;;;;;;;;;;;;;;;;;;;;;;;;;
;Brunei;Brunei;45.353;1.147.277;1;1;11;11;37;40;50;54;56;68;75;78;83;88;91;104;109;114;115;120;126;127;;;;;;;;;;;;;;;;;;;;;;;;;;;;;;;;;;;;;;;;;;;;;;;
;Bulgaria;Bulgaria;427.339;254.858;4;4;4;7;7;23;41;51;52;67;92;94;127;163;187;201;218;242;264;293;331;346;359;;;;;;;;;;;;;;;;;;;;;;;;;;;;;;;;;;;;;;;;;;;;;;
;Burkina Faso;Burkina Faso;122.383;-15.616;1;2;2;2;2;3;15;15;20;33;40;64;75;99;114;146;152;180;207;222;246;;;;;;;;;;;;;;;;;;;;;;;;;;;;;;;;;;;;;;;;;;;;;;;;
;Cabo Verde;Cabo Verde;165.388;-230.418;1;3;3;3;3;4;4;5;5;6;6;;;;;;;;;;;;;;;;;;;;;;;;;;;;;;;;;;;;;;;;;;;;;;;;;;;;;;;;;;
;Cambodia;Cambodia;11.55;1.049.167;1;1;1;1;1;1;1;1;1;1;1;1;1;1;1;1;1;1;1;1;1;1;1;1;1;1;1;1;1;1;1;1;1;1;1;1;1;1;1;1;1;2;2;2;3;3;5;7;7;7;33;35;37;51;53;84;87;91;96;96;99;99;103;107;;;;;
;Cameroon;Cameroon;720.699.395;115.021;1;1;2;2;2;2;2;2;2;2;4;10;10;13;20;27;40;56;66;75;75;91;91;139;139;;;;;;;;;;;;;;;;;;;;;;;;;;;;;;;;;;;;;;;;;;;;
Alberta;Canada;Canada - Alberta;539.333;-1.165.765;1;2;4;7;7;19;19;29;29;39;56;74;97;119;146;195;259;301;359;358;486;542;542;621;661;;;;;;;;;;;;;;;;;;;;;;;;;;;;;;;;;;;;;;;;;;;;
British Columbia;Canada;Canada - British Columbia;492.827;-1.231.207;1;1;1;1;1;1;1;1;2;2;4;4;4;4;4;4;4;4;4;4;5;5;5;5;6;6;6;6;7;7;7;7;8;8;8;9;12;13;21;21;27;32;32;39;46;64;64;73;103;103;186;231;271;424;424;472;617;617;725;725;884;884;970;;;;;;
Grand Princess;Canada;Canada - Grand Princess;376.489;-1.226.655;2;2;2;2;8;9;9;10;10;13;13;13;13;13;13;13;13;13;;;;;;;;;;;;;;;;;;;;;;;;;;;;;;;;;;;;;;;;;;;;;;;;;;;
Manitoba;Canada;Canada - Manitoba;537.609;-988.139;4;4;4;7;8;15;17;17;18;20;20;21;35;36;39;64;72;96;;;;;;;;;;;;;;;;;;;;;;;;;;;;;;;;;;;;;;;;;;;;;;;;;;;
New Brunswick;Canada;Canada - New Brunswick;465.653;-664.619;1;1;1;1;2;6;8;11;11;11;17;17;17;18;18;33;45;51;66;68;;;;;;;;;;;;;;;;;;;;;;;;;;;;;;;;;;;;;;;;;;;;;;;;;
Newfoundland and Labrador;Canada;Canada - Newfoundland and Labrador;531.355;-576.604;1;1;3;3;3;4;6;9;24;35;35;82;102;120;135;148;;;;;;;;;;;;;;;;;;;;;;;;;;;;;;;;;;;;;;;;;;;;;;;;;;;;;
Nova Scotia;Canada;Canada - Nova Scotia;-774.201.349;-637.443;5;7;12;14;15;21;28;41;51;68;73;90;110;122;127;;;;;;;;;;;;;;;;;;;;;;;;;;;;;;;;;;;;;;;;;;;;;;;;;;;;;;
Ontario;Canada;Canada - Ontario;512.538;-853.232;1;1;1;1;1;3;3;3;3;3;3;3;3;3;3;3;3;3;3;3;3;3;3;3;3;3;3;3;3;4;4;4;6;6;11;15;18;20;20;22;25;28;29;34;36;41;42;74;79;104;177;185;221;257;308;377;425;503;588;688;858;994;1144;1355;1706;;;;
Prince Edward Island;Canada;Canada - Prince Edward Island;465.107;-634.168;1;1;1;1;2;2;2;3;3;3;5;5;9;11;11;18;;;;;;;;;;;;;;;;;;;;;;;;;;;;;;;;;;;;;;;;;;;;;;;;;;;;;
Quebec;Canada;Canada - Quebec;529.399;-735.491;1;1;1;1;1;1;2;2;3;4;4;4;8;9;17;17;24;50;74;94;121;139;181;219;628;1013;1342;1632;2024;2498;2840;3430;;;;;;;;;;;;;;;;;;;;;;;;;;;;;;;;;;;;;
Saskatchewan;Canada;Canada - Saskatchewan;529.399;-1.064.509;2;2;2;7;7;8;16;20;26;52;66;72;72;95;95;134;156;156;;;;;;;;;;;;;;;;;;;;;;;;;;;;;;;;;;;;;;;;;;;;;;;;;;;
;Central African Republic;Central African Republic;66.111;209.394;1;1;1;1;1;3;3;3;3;3;3;3;3;3;3;3;;;;;;;;;;;;;;;;;;;;;;;;;;;;;;;;;;;;;;;;;;;;;;;;;;;;;
;Chad;Chad;154.542;187.322;1;1;1;1;1;3;3;3;3;3;3;5;;;;;;;;;;;;;;;;;;;;;;;;;;;;;;;;;;;;;;;;;;;;;;;;;;;;;;;;;
;Chile;Chile;-356.751;-71.543;1;1;4;4;4;8;8;13;23;23;43;61;74;155;201;238;238;434;537;632;746;922;1142;1306;1610;1909;2139;2449;;;;;;;;;;;;;;;;;;;;;;;;;;;;;;;;;;;;;;;;;
Anhui;China;China - Anhui;318.257;1.172.264;1;9;15;39;60;70;106;152;200;237;297;340;408;480;530;591;665;733;779;830;860;889;910;934;950;962;973;982;986;987;988;989;989;989;989;989;989;990;990;990;990;990;990;990;990;990;990;990;990;990;990;990;990;990;990;990;990;990;990;990;990;990;990;990;990;990;990;990;990
Beijing;China;China - Beijing;401.824;1.164.142;14;22;36;41;68;80;91;111;114;139;168;191;212;228;253;274;297;315;326;337;342;352;366;372;375;380;381;387;393;395;396;399;399;399;400;400;410;410;411;413;414;414;418;418;422;426;428;428;429;435;435;436;437;442;452;456;469;480;491;504;522;537;558;561;566;569;573;577;577
Chongqing;China;China - Chongqing;300.572;107.874;6;9;27;57;75;110;132;147;182;211;247;300;337;366;389;411;426;428;468;486;505;518;529;537;544;551;553;555;560;567;572;573;575;576;576;576;576;576;576;576;576;576;576;576;576;576;576;576;576;576;576;576;576;576;576;576;576;576;576;576;577;578;578;578;578;578;578;579;579
Fujian;China;China - Fujian;260.789;1.179.874;1;5;10;18;35;59;80;84;101;120;144;159;179;194;205;215;224;239;250;261;267;272;279;281;285;287;290;292;293;293;293;293;293;293;294;294;296;296;296;296;296;296;296;296;296;296;296;296;296;296;296;296;296;296;296;296;296;296;299;303;313;313;318;322;328;331;337;338;340
Gansu;China;China - Gansu;378.099;1.010.583;2;2;4;7;14;19;24;26;29;40;51;55;57;62;62;67;79;83;83;86;87;90;90;90;90;91;91;91;91;91;91;91;91;91;91;91;91;91;91;91;91;91;102;119;120;124;124;125;127;127;127;129;133;133;133;133;134;134;134;136;136;136;136;136;136;136;138;138;
Guangdong;China;China - Guangdong;233.417;1.134.244;26;32;53;78;111;151;207;277;354;436;535;632;725;813;895;970;1034;1095;1131;1159;1177;1219;1241;1261;1294;1316;1322;1328;1331;1332;1333;1339;1342;1345;1347;1347;1347;1348;1349;1349;1350;1350;1350;1351;1352;1352;1352;1352;1353;1356;1356;1356;1356;1360;1361;1364;1370;1378;1395;1400;1413;1415;1428;1433;1448;1456;1467;1475;1484
Guangxi;China;China - Guangxi;238.298;1.087.881;2;5;23;23;36;46;51;58;78;87;100;111;127;139;150;168;172;183;195;210;215;222;222;226;235;237;238;242;244;245;246;249;249;251;252;252;252;252;252;252;252;252;252;252;252;252;252;252;252;252;252;252;252;252;252;253;253;253;254;254;254;254;254;254;254;254;254;254;254
Guizhou;China;China - Guizhou;268.154;1.068.748;1;3;3;4;5;7;9;9;12;29;29;38;46;58;64;71;81;89;99;109;127;133;135;140;143;144;146;146;146;146;146;146;146;146;146;146;146;146;146;146;146;146;146;146;146;146;146;146;146;146;146;146;146;146;146;147;146;146;146;146;146;146;146;146;146;146;146;146;146
Hainan;China;China - Hainan;191.959;1.097.453;4;5;8;19;22;33;40;43;46;52;62;64;72;80;99;106;117;124;131;138;144;157;157;159;162;162;163;163;168;168;168;168;168;168;168;168;168;168;168;168;168;168;168;168;168;168;168;168;168;168;168;168;168;168;168;168;168;168;168;168;168;168;168;168;168;168;168;168;168
Hebei;China;China - Hebei;39.549;1.161.306;1;1;2;8;13;18;33;48;65;82;96;104;113;126;135;157;172;195;206;218;239;251;265;283;291;300;301;306;306;307;308;309;311;311;311;312;317;318;318;318;318;318;318;318;318;318;318;318;318;318;318;318;318;318;318;318;318;318;318;318;319;319;319;319;319;319;319;319;321
Heilongjiang;China;China - Heilongjiang;1.144.872.955;1.277.615;2;4;9;15;21;33;38;44;59;80;95;121;155;190;227;277;295;307;331;360;378;395;419;425;445;457;464;470;476;479;479;480;480;480;480;480;480;480;480;480;480;480;481;481;481;481;481;481;482;482;482;482;482;482;482;482;483;484;484;484;484;484;484;484;484;484;484;484;
Henan;China;China - Henan;33.882;321.302.527;5;5;9;32;83;128;168;206;278;352;422;493;566;675;764;851;914;981;1033;1073;1105;1135;1169;1184;1212;1231;1246;1257;1262;1265;1267;1270;1271;1271;1271;1271;1272;1272;1272;1272;1272;1272;1272;1272;1272;1272;1272;1272;1272;1273;1273;1273;1273;1273;1273;1273;1273;1273;1273;1273;1274;1274;1274;1274;1275;1275;1275;1276;1276
Hong Kong;China;China - Hong Kong;22.3;114.2;2;2;5;8;8;8;10;10;12;13;15;15;17;21;24;25;26;29;38;49;50;53;56;56;57;60;62;63;68;68;69;74;79;84;91;92;94;95;96;100;100;105;105;107;108;114;115;120;126;129;134;140;145;155;162;181;208;256;273;317;356;386;410;453;519;561;641;682;
Hubei;China;China - Hubei;309.756;1.122.707;444;444;549;761;1058;1423;3554;3554;4903;5806;7153;11177;13522;16678;19665;22112;24953;27100;29631;31728;33366;33366;48206;54406;56249;58182;59989;61682;62031;62442;62662;64084;64084;64287;64786;65187;65596;65914;66337;66907;67103;67217;67332;67466;67592;67666;67707;67743;67760;67773;67781;67786;67790;67794;67798;67799;67800;67800;67800;67800;67800;67800;67801;67801;67801;67801;67801;67801;67801
Hunan;China;China - Hunan;276.104;1.117.088;4;9;24;43;69;100;143;221;277;332;389;463;521;593;661;711;772;803;838;879;912;946;968;988;1001;1004;1006;1007;1008;1010;1011;1013;1016;1016;1016;1016;1017;1017;1018;1018;1018;1018;1018;1018;1018;1018;1018;1018;1018;1018;1018;1018;1018;1018;1018;1018;1018;1018;1018;1018;1018;1018;1018;1018;1018;1018;1018;1018;1018
Inner Mongolia;China;China - Inner Mongolia;440.935;1.139.448;1;7;7;11;15;16;19;20;23;27;34;35;42;46;50;52;54;58;58;60;61;65;68;70;72;73;75;75;75;75;75;75;75;75;75;75;75;75;75;75;75;75;75;75;75;75;75;75;75;75;75;75;75;75;75;75;75;75;75;75;75;77;89;92;94;95;97;;
Jiangsu;China;China - Jiangsu;329.711;119.455;1;5;9;18;33;47;70;99;129;168;202;236;271;308;341;373;408;439;468;492;515;543;570;593;604;617;626;629;631;631;631;631;631;631;631;631;631;631;631;631;631;631;631;631;631;631;631;631;631;631;631;631;631;631;631;631;631;631;631;631;633;633;636;638;640;641;641;644;645
Jiangxi;China;China - Jiangxi;27.614;1.157.221;2;7;18;18;36;72;109;109;162;240;286;333;391;476;548;600;661;698;740;771;804;844;872;900;913;925;930;933;934;934;934;934;934;934;934;934;934;935;935;935;935;935;935;935;935;935;935;935;935;935;935;935;935;935;935;935;935;935;935;935;936;936;936;936;936;936;936;937;937
Jilin;China;China - Jilin;436.661;1.261.923;1;3;4;4;6;8;9;14;14;17;23;31;42;54;59;65;69;78;80;81;83;84;86;88;89;89;89;90;91;91;91;91;93;93;93;93;93;93;93;93;93;93;93;93;93;93;93;93;93;93;93;93;93;93;93;93;93;93;93;93;93;93;94;95;95;97;98;98;
Liaoning;China;China - Liaoning;412.956;1.226.085;2;3;4;17;21;27;34;39;41;48;64;70;74;81;89;94;99;105;107;108;111;116;117;119;119;121;121;121;121;121;121;121;121;121;121;121;121;121;121;122;122;125;125;125;125;125;125;125;125;125;125;125;125;125;125;125;125;125;126;126;127;127;127;127;128;128;132;134;136
Macau;China;China - Macau;221.667;113.55;1;2;2;2;5;6;7;7;7;7;7;8;8;10;10;10;10;10;10;10;10;10;10;10;10;10;10;10;10;10;10;10;10;10;10;10;10;10;10;10;10;10;10;10;10;10;10;10;10;10;10;10;10;10;11;12;15;17;17;18;24;24;25;30;31;33;37;37;38
Ningxia;China;China - Ningxia;372.692;1.061.655;1;1;2;3;4;7;11;12;17;21;26;28;31;34;34;40;43;45;45;49;53;58;64;67;70;70;70;70;71;71;71;71;71;71;71;71;72;72;73;73;74;74;75;75;75;75;75;75;75;75;75;75;75;75;75;75;75;75;75;75;75;75;75;75;75;75;75;75;75
Qinghai;China;China - Qinghai;357.452;959.956;1;1;6;6;6;8;8;9;11;13;15;17;18;18;18;18;18;18;18;18;18;18;18;18;18;18;18;18;18;18;18;18;18;18;18;18;18;18;18;18;18;18;18;18;18;18;18;18;18;18;18;18;18;18;18;18;18;18;18;18;18;18;18;18;18;18;;;
Shaanxi;China;China - Shaanxi;351.917;1.088.701;3;5;15;22;35;46;56;63;87;101;116;128;142;165;173;184;195;208;213;219;225;229;230;232;236;240;240;242;245;245;245;245;245;245;245;245;245;245;245;245;245;245;245;245;245;245;245;245;245;245;245;245;245;245;246;246;246;247;248;248;248;249;250;253;253;253;253;253;
Shandong;China;China - Shandong;363.427;1.181.498;2;6;15;27;46;75;95;130;158;184;206;230;259;275;307;347;386;416;444;466;487;497;509;523;532;537;541;543;544;546;749;750;754;755;756;756;756;756;756;758;758;758;758;758;758;758;758;758;758;760;760;760;760;760;760;761;761;761;762;764;767;768;768;769;771;772;772;772;773
Shanghai;China;China - Shanghai;-1.102.569.474;1.214.491;9;16;20;33;40;53;66;96;112;135;169;182;203;219;243;257;277;286;293;299;303;311;315;318;326;328;333;333;333;334;334;335;335;335;336;337;337;337;337;337;337;338;338;339;342;342;342;342;344;344;344;346;353;353;355;358;361;363;371;380;404;404;414;433;451;468;485;492;498
Shanxi;China;China - Shanxi;375.777;1.122.922;1;1;1;6;9;13;27;27;35;39;47;66;74;81;81;96;104;115;119;119;124;126;126;127;128;129;130;131;131;132;132;132;132;133;133;133;133;133;133;133;133;133;133;133;133;133;133;133;133;133;133;133;133;133;133;133;133;133;133;133;133;134;134;134;135;135;135;136;136
Sichuan;China;China - Sichuan;306.171;1.027.103;5;8;15;28;44;69;90;108;142;177;207;231;254;282;301;321;344;364;386;405;417;436;451;463;470;481;495;508;514;520;525;526;526;527;529;531;534;538;538;538;538;538;538;539;539;539;539;539;539;539;539;539;539;539;539;540;540;540;541;542;543;543;545;547;547;548;548;550;550
Tianjin;China;China - Tianjin;393.054;117.323;4;4;8;10;14;23;24;27;31;32;41;48;60;67;69;79;81;88;91;95;106;112;119;120;122;124;125;128;130;131;132;135;135;135;135;135;136;136;136;136;136;136;136;136;136;136;136;136;136;136;136;136;136;136;136;136;136;137;137;137;137;141;145;145;151;155;161;166;174
Tibet;China;China - Tibet;316.927;880.924;1;1;1;1;1;1;1;1;1;1;1;1;1;1;1;1;1;1;1;1;1;1;1;1;1;1;1;1;1;1;1;1;1;1;1;1;1;1;1;1;1;1;1;1;1;1;1;1;1;1;1;1;1;1;1;1;1;1;1;1;1;;;;;;;;
Xinjiang;China;China - Xinjiang;411.129;852.401;2;2;3;4;5;10;13;14;17;18;21;24;29;32;36;39;42;45;49;55;59;63;65;70;71;75;76;76;76;76;76;76;76;76;76;76;76;76;76;76;76;76;76;76;76;76;76;76;76;76;76;76;76;76;76;76;76;76;76;76;76;76;76;76;76;76;76;76;
Yunnan;China;China - Yunnan;24.974;1.517.197.313;1;2;5;11;16;26;44;55;70;83;93;105;117;122;128;133;138;138;141;149;153;154;156;162;168;171;171;172;172;174;174;174;174;174;174;174;174;174;174;174;174;174;174;174;174;174;174;174;174;174;174;174;174;174;176;176;176;176;176;176;176;176;176;176;178;180;180;180;180
Zhejiang;China;China - Zhejiang;291.832;1.200.934;10;27;43;62;104;128;173;296;428;538;599;661;724;829;895;954;1006;1048;1075;1092;1117;1131;1145;1155;1162;1167;1171;1172;1174;1175;1203;1205;1205;1205;1205;1205;1205;1205;1205;1205;1206;1213;1213;1215;1215;1215;1215;1215;1215;1215;1215;1215;1227;1231;1231;1232;1232;1233;1234;1236;1238;1238;1240;1241;1243;1247;1251;1254;1255
;Colombia;Colombia;45.709;-742.973;1;1;1;1;3;9;9;13;22;34;54;65;93;102;128;196;231;277;378;470;491;539;608;702;798;;;;;;;;;;;;;;;;;;;;;;;;;;;;;;;;;;;;;;;;;;;;
;Congo (Brazzaville);Congo (Brazzaville);-40.383;217.587;1;1;1;1;3;3;3;3;4;4;4;4;4;4;19;19;;;;;;;;;;;;;;;;;;;;;;;;;;;;;;;;;;;;;;;;;;;;;;;;;;;;;
;Congo (Kinshasa);Congo (Kinshasa);-40.383;217.587;1;1;2;2;2;2;3;4;14;18;23;30;36;45;48;51;51;65;65;81;;;;;;;;;;;;;;;;;;;;;;;;;;;;;;;;;;;;;;;;;;;;;;;;;
;Costa Rica;Costa Rica;97.489;-837.534;1;1;5;9;9;13;22;23;26;27;35;41;50;69;89;117;134;158;177;201;231;263;295;314;330;;;;;;;;;;;;;;;;;;;;;;;;;;;;;;;;;;;;;;;;;;;;
;Cote d'Ivoire;Cote d'Ivoire;7.54;-55.471;1;1;1;1;1;1;5;6;9;9;14;14;25;73;80;96;101;101;165;168;;;;;;;;;;;;;;;;;;;;;;;;;;;;;;;;;;;;;;;;;;;;;;;;;
;Croatia;Croatia;45.1;15.2;1;3;3;5;6;7;7;9;10;10;11;12;12;12;14;19;19;32;38;49;57;65;81;105;128;206;254;315;382;442;495;586;657;713;790;;;;;;;;;;;;;;;;;;;;;;;;;;;;;;;;;;
;Diamond Princess;Diamond Princess;0.0;0.0;61;61;64;135;135;175;175;218;285;355;454;542;621;634;634;634;691;691;691;705;705;705;705;705;705;706;706;706;706;706;706;706;706;706;706;706;706;706;706;706;712;712;712;712;712;712;712;712;712;712;712;712;712;;;;;;;;;;;;;;;;
;Cuba;Cuba;22.0;-80.0;3;4;4;4;4;5;7;11;16;21;35;40;48;57;67;80;119;139;170;;;;;;;;;;;;;;;;;;;;;;;;;;;;;;;;;;;;;;;;;;;;;;;;;;
;Cyprus;Cyprus;351.264;334.299;2;3;6;6;14;26;26;33;46;49;67;67;84;95;116;124;132;146;162;179;214;230;;;;;;;;;;;;;;;;;;;;;;;;;;;;;;;;;;;;;;;;;;;;;;;
;Czechia;Czechia;498.175;-1.935.929.345;3;3;5;8;12;18;19;31;31;41;91;94;141;189;253;298;396;464;694;833;995;1120;1236;1394;1654;1925;2279;2631;2817;3001;;;;;;;;;;;;;;;;;;;;;;;;;;;;;;;;;;;;;;;
Faroe Islands;Denmark;Denmark - Faroe Islands;618.926;-69.118;1;1;1;1;2;2;2;2;2;3;9;11;18;47;58;72;80;92;115;118;122;132;140;144;155;159;168;;;;;;;;;;;;;;;;;;;;;;;;;;;;;;;;;;;;;;;;;;
Greenland;Denmark;Denmark - Greenland;717.069;-426.043;1;1;1;2;2;2;4;4;5;6;6;10;10;10;10;;;;;;;;;;;;;;;;;;;;;;;;;;;;;;;;;;;;;;;;;;;;;;;;;;;;;;
;Denmark;Denmark;562.639;95.018;1;1;3;4;4;6;10;10;23;23;35;90;262;442;615;801;827;864;914;977;1057;1151;1255;1326;1395;1450;1591;1724;1877;2046;2201;2395;2577;;;;;;;;;;;;;;;;;;;;;;;;;;;;;;;;;;;;
;Djibouti;Djibouti;118.251;425.903;1;1;1;1;1;3;3;11;11;12;14;18;18;;;;;;;;;;;;;;;;;;;;;;;;;;;;;;;;;;;;;;;;;;;;;;;;;;;;;;;;
;Dominican Republic;Dominican Republic;187.357;-701.627;1;1;1;1;1;2;2;5;5;5;5;5;5;11;11;11;21;21;34;72;112;202;245;312;392;488;581;719;859;901;;;;;;;;;;;;;;;;;;;;;;;;;;;;;;;;;;;;;;;
;Ecuador;Ecuador;-18.312;-781.834;6;6;7;10;13;13;13;14;15;15;17;17;17;28;28;37;58;111;199;367;506;789;981;1082;1173;1403;1595;1823;1924;1962;;;;;;;;;;;;;;;;;;;;;;;;;;;;;;;;;;;;;;;
;Egypt;Egypt;26.0;30.0;1;1;1;1;1;1;1;1;1;1;1;1;1;1;1;1;2;2;2;2;3;15;15;49;55;59;60;67;80;109;110;150;196;196;256;285;294;327;366;402;456;495;536;576;609;656;;;;;;;;;;;;;;;;;;;;;;;
;El Salvador;El Salvador;137.942;-888.965;1;1;3;3;3;5;9;13;13;19;24;30;;;;;;;;;;;;;;;;;;;;;;;;;;;;;;;;;;;;;;;;;;;;;;;;;;;;;;;;;
;Equatorial Guinea;Equatorial Guinea;1.5;10.0;1;1;1;4;6;6;6;6;9;9;9;12;12;12;12;12;;;;;;;;;;;;;;;;;;;;;;;;;;;;;;;;;;;;;;;;;;;;;;;;;;;;;
;Eritrea;Eritrea;151.794;397.823;1;1;1;1;4;6;6;6;12;12;;;;;;;;;;;;;;;;;;;;;;;;;;;;;;;;;;;;;;;;;;;;;;;;;;;;;;;;;;;
;Estonia;Estonia;585.953;250.136;1;1;1;1;1;2;2;3;10;10;10;10;12;16;16;79;115;171;205;225;258;267;283;306;326;352;369;404;538;575;645;679;715;;;;;;;;;;;;;;;;;;;;;;;;;;;;;;;;;;;;
;Eswatini;Eswatini;-265.225;314.659;1;1;1;1;1;1;1;1;4;4;4;4;6;9;9;9;9;;;;;;;;;;;;;;;;;;;;;;;;;;;;;;;;;;;;;;;;;;;;;;;;;;;;
;Ethiopia;Ethiopia;9.145;404.897;1;1;1;5;5;6;6;9;9;11;11;12;12;12;16;16;21;23;;;;;;;;;;;;;;;;;;;;;;;;;;;;;;;;;;;;;;;;;;;;;;;;;;;
;Fiji;Fiji;-177.134;178.065;1;1;1;2;3;4;5;5;5;5;5;5;;;;;;;;;;;;;;;;;;;;;;;;;;;;;;;;;;;;;;;;;;;;;;;;;;;;;;;;;
;Finland;Finland;64.0;26.0;1;1;1;1;1;1;1;1;1;1;1;1;1;1;1;1;1;1;1;1;1;1;1;1;1;1;1;1;2;2;2;3;6;6;6;6;12;15;15;23;30;40;59;59;155;225;244;277;321;336;400;450;523;626;700;792;880;958;1041;1167;1240;1352;;;;;;;
French Guiana;France;France - French Guiana;39.339;-531.258;5;5;5;5;5;5;5;5;7;11;11;11;11;15;18;18;20;23;28;28;28;28;28;43;;;;;;;;;;;;;;;;;;;;;;;;;;;;;;;;;;;;;;;;;;;;;
French Polynesia;France;France - French Polynesia;-176.797;1.494.068;3;3;3;3;3;3;6;11;15;18;18;25;25;30;30;30;30;36;;;;;;;;;;;;;;;;;;;;;;;;;;;;;;;;;;;;;;;;;;;;;;;;;;;
Guadeloupe;France;France - Guadeloupe;16.25;-615.833;1;1;3;6;18;27;33;45;53;58;62;62;73;73;73;102;106;106;;;;;;;;;;;;;;;;;;;;;;;;;;;;;;;;;;;;;;;;;;;;;;;;;;;
Mayotte;France;France - Mayotte;-128.275;451.662;1;1;1;3;3;6;7;11;24;36;36;36;50;63;63;82;;;;;;;;;;;;;;;;;;;;;;;;;;;;;;;;;;;;;;;;;;;;;;;;;;;;;
New Caledonia;France;France - New Caledonia;-209.043;165.618;2;2;4;4;8;10;14;14;15;15;15;15;;;;;;;;;;;;;;;;;;;;;;;;;;;;;;;;;;;;;;;;;;;;;;;;;;;;;;;;;
Reunion;France;France - Reunion;-211.351;552.471;1;1;5;6;7;9;9;12;14;28;45;64;71;94;111;135;145;183;183;224;;;;;;;;;;;;;;;;;;;;;;;;;;;;;;;;;;;;;;;;;;;;;;;;;
Saint Barthelemy;France;France - Saint Barthelemy;17.9;-628.333;3;3;3;3;3;1;1;1;1;1;1;1;3;3;3;3;3;3;3;3;3;3;3;5;5;5;6;;;;;;;;;;;;;;;;;;;;;;;;;;;;;;;;;;;;;;;;;;
St Martin;France;France - St Martin;180.708;-630.501;2;2;2;2;2;2;2;2;2;3;4;4;4;5;8;8;11;11;11;11;11;15;;;;;;;;;;;;;;;;;;;;;;;;;;;;;;;;;;;;;;;;;;;;;;;
Martinique;France;France - Martinique;146.415;-610.242;2;2;2;2;3;3;3;9;9;15;16;19;23;32;32;44;53;57;66;66;81;93;93;93;;;;;;;;;;;;;;;;;;;;;;;;;;;;;;;;;;;;;;;;;;;;;
;France;France;462.276;22.137;2;3;3;3;4;5;5;5;6;6;6;6;6;6;6;11;11;11;11;11;11;11;12;12;12;12;12;12;12;12;12;12;14;18;38;57;100;130;191;204;285;377;653;949;1126;1209;1784;2281;2281;3661;4469;4499;6633;7652;9043;10871;12612;14282;16018;19856;22304;25233;29155;32964;37575;40174;44550;;
;Gabon;Gabon;-0.8037;116.094;1;1;1;1;1;1;3;4;5;5;6;6;7;7;7;7;7;;;;;;;;;;;;;;;;;;;;;;;;;;;;;;;;;;;;;;;;;;;;;;;;;;;;
;Gambia;Gambia;134.432;-153.101;1;1;1;1;1;1;2;3;3;3;3;3;4;4;;;;;;;;;;;;;;;;;;;;;;;;;;;;;;;;;;;;;;;;;;;;;;;;;;;;;;;
;Georgia;Georgia;423.154;433.569;1;1;1;1;3;3;3;3;4;4;4;13;15;15;24;24;25;30;33;33;34;38;40;43;49;54;61;70;75;79;83;90;91;103;;;;;;;;;;;;;;;;;;;;;;;;;;;;;;;;;;;
;Germany;Germany;51.0;9.0;1;4;4;4;5;8;10;12;12;12;12;13;13;14;14;16;16;16;16;16;16;16;16;16;16;16;16;16;16;17;27;46;48;79;130;159;196;262;482;670;799;1040;1176;1457;1908;2078;3675;4585;5795;7272;9257;12327;15320;19848;22213;24873;29056;32986;37323;43938;50871;57695;62095;66885;;;;;
;Ghana;Ghana;79.465;-10.232;3;6;6;7;7;11;16;19;23;27;53;93;132;137;141;152;152;;;;;;;;;;;;;;;;;;;;;;;;;;;;;;;;;;;;;;;;;;;;;;;;;;;;
;Greece;Greece;390.742;218.243;1;3;4;4;7;7;7;9;31;45;46;73;73;89;99;99;190;228;331;331;387;418;418;495;530;624;695;743;821;892;966;1061;1156;1212;;;;;;;;;;;;;;;;;;;;;;;;;;;;;;;;;;;
;Guatemala;Guatemala;157.835;-902.308;1;1;2;6;6;9;12;17;19;20;21;24;25;28;34;34;36;;;;;;;;;;;;;;;;;;;;;;;;;;;;;;;;;;;;;;;;;;;;;;;;;;;;
;Guinea;Guinea;99.456;-96.966;1;1;1;1;1;1;1;1;2;2;4;4;4;4;8;8;16;22;;;;;;;;;;;;;;;;;;;;;;;;;;;;;;;;;;;;;;;;;;;;;;;;;;;
;Guyana;Guyana;5.0;-58.75;1;1;1;4;4;7;7;7;7;7;19;20;5;5;5;5;8;8;8;;;;;;;;;;;;;;;;;;;;;;;;;;;;;;;;;;;;;;;;;;;;;;;;;;
;Haiti;Haiti;189.712;-722.852;2;2;2;6;7;8;8;8;8;15;15;;;;;;;;;;;;;;;;;;;;;;;;;;;;;;;;;;;;;;;;;;;;;;;;;;;;;;;;;;
;Holy See;Holy See;419.029;124.534;1;1;1;1;1;1;1;1;1;1;1;1;1;1;1;1;1;1;4;4;4;4;6;6;6;;;;;;;;;;;;;;;;;;;;;;;;;;;;;;;;;;;;;;;;;;;;
;Honduras;Honduras;15.2;-862.419;2;2;2;2;3;6;8;9;12;24;24;26;30;30;36;52;68;95;110;139;;;;;;;;;;;;;;;;;;;;;;;;;;;;;;;;;;;;;;;;;;;;;;;;;
;Hungary;Hungary;471.625;195.033;2;2;2;4;7;9;9;13;13;19;30;32;39;50;58;73;85;103;131;167;187;226;261;300;343;408;447;;;;;;;;;;;;;;;;;;;;;;;;;;;;;;;;;;;;;;;;;;
;Iceland;Iceland;649.631;-190.208;1;1;3;6;11;26;34;43;50;50;58;69;85;103;134;156;171;180;220;250;330;409;473;568;588;648;737;802;890;963;1020;1086;;;;;;;;;;;;;;;;;;;;;;;;;;;;;;;;;;;;;
;India;India;21.0;78.0;1;1;1;2;3;3;3;3;3;3;3;3;3;3;3;3;3;3;3;3;3;3;3;3;3;3;3;3;3;3;3;3;5;5;28;30;31;34;39;43;56;62;73;82;102;113;119;142;156;194;244;330;396;499;536;657;727;887;987;1024;1251;;;;;;;;
;Indonesia;Indonesia;-0.7893;1.139.213;2;2;2;2;4;4;6;19;27;34;34;69;96;117;134;172;227;311;369;450;514;579;686;790;893;1046;1155;1285;1414;;;;;;;;;;;;;;;;;;;;;;;;;;;;;;;;;;;;;;;;
;Iran;Iran;32.0;53.0;2;5;18;28;43;61;95;139;245;388;593;978;1501;2336;2922;3513;4747;5823;6566;7161;8042;9000;10075;11364;12729;13938;14991;16169;17361;18407;19644;20610;21638;23049;24811;27017;29406;32332;35408;38309;41495;;;;;;;;;;;;;;;;;;;;;;;;;;;;
;Iraq;Iraq;33.0;44.0;1;1;5;7;7;13;19;26;32;35;35;40;54;60;60;71;71;71;101;110;116;124;154;164;192;208;214;233;266;316;346;382;458;506;547;630;;;;;;;;;;;;;;;;;;;;;;;;;;;;;;;;;
;Ireland;Ireland;531.424;-76.921;1;1;1;2;6;6;18;18;19;21;34;43;43;90;129;129;169;223;292;557;683;785;906;1125;1329;1564;1819;2121;2415;2615;2910;;;;;;;;;;;;;;;;;;;;;;;;;;;;;;;;;;;;;;
;Israel;Israel;31.0;35.0;1;1;1;1;1;2;3;4;7;10;10;12;15;20;37;43;61;61;75;79;100;126;155;213;218;250;304;427;529;712;883;1071;1238;2369;2693;3035;3619;4247;4695;;;;;;;;;;;;;;;;;;;;;;;;;;;;;;
;Italy;Italy;43.0;12.0;2;2;2;2;2;2;2;3;3;3;3;3;3;3;3;3;3;3;3;3;3;20;62;155;229;322;453;655;888;1128;1694;2036;2502;3089;3858;4636;5883;7375;9172;10149;12462;12462;17660;21157;24747;27980;31506;35713;41035;47021;53578;59138;63927;69176;74386;80589;86498;92472;97689;101739;;;;;;;;;
;Jamaica;Jamaica;181.096;-772.975;1;2;8;8;10;10;12;13;15;16;16;19;19;21;26;26;26;30;32;36;;;;;;;;;;;;;;;;;;;;;;;;;;;;;;;;;;;;;;;;;;;;;;;;;
;Japan;Japan;36.0;138.0;2;2;2;2;4;4;7;7;11;15;20;20;20;22;22;22;25;25;26;26;26;28;28;29;43;59;66;74;84;94;105;122;147;159;170;189;214;228;241;256;274;293;331;360;420;461;502;511;581;639;639;701;773;839;839;878;889;924;963;1007;1101;1128;1193;1307;1387;1468;1693;1866;1866
;Jordan;Jordan;31.24;36.51;1;1;1;1;1;1;1;1;1;1;1;1;8;17;34;52;69;85;85;112;127;154;172;212;235;246;259;268;;;;;;;;;;;;;;;;;;;;;;;;;;;;;;;;;;;;;;;;;
;Kazakhstan;Kazakhstan;480.196;669.237;4;6;9;10;33;35;44;49;53;60;62;72;81;111;150;228;284;302;;;;;;;;;;;;;;;;;;;;;;;;;;;;;;;;;;;;;;;;;;;;;;;;;;;
;Kenya;Kenya;-0.0236;379.062;1;1;3;3;3;3;7;7;7;15;16;25;28;31;31;38;42;50;;;;;;;;;;;;;;;;;;;;;;;;;;;;;;;;;;;;;;;;;;;;;;;;;;;
;Korea;Korea;;;;;;;;;;;;;;;;;;;;;;;;;;;;;;;;;;;;;;;;;;;;;;;;;;;;;;;;;;;;;;;;;;;;;;;
;Kuwait;Kuwait;29.5;47.75;1;11;26;43;45;45;45;56;56;56;58;58;61;64;64;69;72;80;80;104;112;123;130;142;148;159;176;188;189;191;195;208;225;235;255;266;;;;;;;;;;;;;;;;;;;;;;;;;;;;;;;;;
;Kyrgyzstan;Kyrgyzstan;412.044;747.661;3;3;6;14;14;16;42;44;44;58;58;84;94;;;;;;;;;;;;;;;;;;;;;;;;;;;;;;;;;;;;;;;;;;;;;;;;;;;;;;;;
;Latvia;Latvia;568.796;246.032;1;1;1;1;1;1;2;6;8;10;10;17;26;30;34;49;71;86;111;124;139;180;197;221;244;280;305;347;376;;;;;;;;;;;;;;;;;;;;;;;;;;;;;;;;;;;;;;;;
;Lebanon;Lebanon;338.547;358.623;1;1;1;1;1;2;2;2;4;10;13;13;13;16;22;22;32;32;41;61;61;77;93;110;110;120;133;157;163;187;248;267;318;333;368;391;412;438;446;;;;;;;;;;;;;;;;;;;;;;;;;;;;;;
;Liberia;Liberia;64.281;-94.295;1;1;2;2;2;3;3;3;3;3;3;3;3;3;3;;;;;;;;;;;;;;;;;;;;;;;;;;;;;;;;;;;;;;;;;;;;;;;;;;;;;;
;Liechtenstein;Liechtenstein;47.14;9.55;1;1;1;1;1;1;1;1;1;1;4;4;4;7;28;28;28;37;37;51;51;51;56;56;56;56;62;;;;;;;;;;;;;;;;;;;;;;;;;;;;;;;;;;;;;;;;;;
;Lithuania;Lithuania;551.694;238.813;1;1;1;1;1;1;1;1;1;1;1;1;3;3;6;8;12;17;25;27;36;49;83;143;179;209;274;299;358;394;460;491;;;;;;;;;;;;;;;;;;;;;;;;;;;;;;;;;;;;;
;Luxembourg;Luxembourg;498.153;61.296;1;1;1;1;1;1;2;2;3;3;5;7;19;34;51;59;77;140;203;335;484;670;798;875;1099;1333;1453;1605;1831;1950;1988;;;;;;;;;;;;;;;;;;;;;;;;;;;;;;;;;;;;;;
;Madagascar;Madagascar;-187.669;468.691;3;3;3;12;17;19;23;26;26;39;43;;;;;;;;;;;;;;;;;;;;;;;;;;;;;;;;;;;;;;;;;;;;;;;;;;;;;;;;;;
;Malaysia;Malaysia;2.5;112.5;3;4;4;4;7;8;8;8;8;8;10;12;12;12;16;16;18;18;18;19;19;22;22;22;22;22;22;22;22;22;22;22;22;23;23;25;29;29;36;50;50;83;93;99;117;129;149;149;197;238;428;566;673;790;900;1030;1183;1306;1518;1624;1796;2031;2161;2320;2470;2626;;;
;Maldives;Maldives;32.028;732.207;4;4;6;8;8;9;10;13;13;13;13;13;13;13;13;13;13;13;13;16;16;17;17;;;;;;;;;;;;;;;;;;;;;;;;;;;;;;;;;;;;;;;;;;;;;;
;Malta;Malta;359.375;143.754;3;3;3;5;6;6;12;18;21;30;38;38;53;64;73;90;107;110;129;134;139;149;151;156;;;;;;;;;;;;;;;;;;;;;;;;;;;;;;;;;;;;;;;;;;;;;
;Mauritania;Mauritania;210.079;109.408;1;1;1;1;1;2;2;2;2;2;2;2;3;3;5;5;5;;;;;;;;;;;;;;;;;;;;;;;;;;;;;;;;;;;;;;;;;;;;;;;;;;;;
;Mauritius;Mauritius;-20.2;57.5;3;3;12;14;28;36;42;48;81;94;102;107;128;;;;;;;;;;;;;;;;;;;;;;;;;;;;;;;;;;;;;;;;;;;;;;;;;;;;;;;;
;Mexico;Mexico;236.345;-1.025.528;1;4;5;5;5;5;5;6;6;7;7;7;8;12;12;26;41;53;82;93;118;164;203;251;316;367;405;475;585;717;848;993;;;;;;;;;;;;;;;;;;;;;;;;;;;;;;;;;;;;;
;Moldova;Moldova;474.116;283.699;1;1;3;3;3;6;12;23;23;30;30;49;66;80;94;109;125;149;177;199;231;263;298;;;;;;;;;;;;;;;;;;;;;;;;;;;;;;;;;;;;;;;;;;;;;;
;Monaco;Monaco;437.333;74.167;1;1;1;1;1;1;1;1;1;1;1;1;2;2;2;2;7;7;7;7;11;11;23;23;23;31;33;42;42;46;49;;;;;;;;;;;;;;;;;;;;;;;;;;;;;;;;;;;;;;
;Mongolia;Mongolia;468.625;1.038.467;1;1;1;1;1;1;1;5;6;6;6;10;10;10;10;10;11;11;12;12;12;;;;;;;;;;;;;;;;;;;;;;;;;;;;;;;;;;;;;;;;;;;;;;;;
;Montenegro;Montenegro;42.5;19.3;2;2;3;14;14;21;27;47;52;69;82;84;85;91;;;;;;;;;;;;;;;;;;;;;;;;;;;;;;;;;;;;;;;;;;;;;;;;;;;;;;;
;Morocco;Morocco;317.917;-70.926;1;1;1;2;2;2;2;2;3;5;6;7;17;28;29;38;49;63;77;96;115;143;170;225;275;345;402;479;556;;;;;;;;;;;;;;;;;;;;;;;;;;;;;;;;;;;;;;;;
;Namibia;Namibia;-229.576;184.904;2;2;2;2;2;3;3;3;3;4;7;7;8;8;8;11;11;;;;;;;;;;;;;;;;;;;;;;;;;;;;;;;;;;;;;;;;;;;;;;;;;;;;
;Nepal;Nepal;281.667;84.25;1;1;1;1;1;1;1;1;1;1;1;1;1;1;1;1;1;1;1;1;1;1;1;1;1;1;1;1;1;1;1;1;1;1;1;1;1;1;1;1;1;1;1;1;1;1;1;1;1;1;1;1;1;1;1;1;1;1;2;2;3;3;4;5;5;5;;;
Aruba;Netherlands;Netherlands - Aruba;125.186;-700.358;2;2;2;2;3;4;4;5;5;9;9;12;17;28;33;46;50;50;;;;;;;;;;;;;;;;;;;;;;;;;;;;;;;;;;;;;;;;;;;;;;;;;;;
Curacao;Netherlands;Netherlands - Curacao;121.696;-68.99;1;1;1;3;3;3;3;3;3;4;6;6;6;8;8;8;11;;;;;;;;;;;;;;;;;;;;;;;;;;;;;;;;;;;;;;;;;;;;;;;;;;;;
Sint Maarten;Netherlands;Netherlands - Sint Maarten;180.425;-630.548;1;1;1;2;2;3;3;3;3;6;6;;;;;;;;;;;;;;;;;;;;;;;;;;;;;;;;;;;;;;;;;;;;;;;;;;;;;;;;;;
;Netherlands;Netherlands;521.326;52.913;1;1;6;10;18;24;38;82;128;188;265;321;382;503;503;804;959;1135;1413;1705;2051;2460;2994;3631;4204;4749;5560;6412;7431;8603;9762;10866;11750;;;;;;;;;;;;;;;;;;;;;;;;;;;;;;;;;;;;
;New Zealand;New Zealand;-409.006;174.886;1;1;1;1;1;3;3;4;5;5;5;5;5;5;5;6;8;8;12;20;28;39;52;102;102;155;205;283;368;451;514;589;;;;;;;;;;;;;;;;;;;;;;;;;;;;;;;;;;;;;
;Nicaragua;Nicaragua;128.654;-852.072;1;1;2;2;2;2;2;2;2;4;4;4;;;;;;;;;;;;;;;;;;;;;;;;;;;;;;;;;;;;;;;;;;;;;;;;;;;;;;;;;
;Niger;Niger;176.078;80.817;1;1;2;3;3;7;10;10;10;18;27;;;;;;;;;;;;;;;;;;;;;;;;;;;;;;;;;;;;;;;;;;;;;;;;;;;;;;;;;;
;Nigeria;Nigeria;9.082;86.753;1;1;1;1;1;1;1;1;1;1;2;2;2;2;2;2;2;2;3;8;8;12;22;30;40;44;51;65;70;89;111;131;;;;;;;;;;;;;;;;;;;;;;;;;;;;;;;;;;;;;
;North Macedonia;North Macedonia;416.086;217.453;1;1;1;1;1;1;1;1;1;3;3;3;3;7;7;7;14;14;14;18;26;35;48;67;85;115;136;148;177;201;219;241;259;285;;;;;;;;;;;;;;;;;;;;;;;;;;;;;;;;;;;
;Norway;Norway;60.472;84.689;1;1;6;15;19;25;32;56;87;108;147;176;205;400;598;702;996;1090;1221;1333;1463;1550;1746;1914;2118;2385;2621;2863;3084;3369;3755;4015;4284;4445;;;;;;;;;;;;;;;;;;;;;;;;;;;;;;;;;;;
;Oman;Oman;21.0;57.0;2;2;4;4;4;6;6;6;12;15;16;16;16;16;16;18;18;18;19;19;22;22;24;39;48;48;52;55;66;84;99;109;131;152;167;179;;;;;;;;;;;;;;;;;;;;;;;;;;;;;;;;;
;Pakistan;Pakistan;303.753;693.451;2;2;2;4;4;4;5;5;5;6;6;6;6;16;19;20;28;31;53;136;236;299;454;501;730;776;875;972;1063;1201;1373;1495;1597;1717;;;;;;;;;;;;;;;;;;;;;;;;;;;;;;;;;;;
;Panama;Panama;8.538;-807.821;1;8;11;27;36;43;55;69;86;109;137;200;313;345;345;443;558;674;786;901;989;;;;;;;;;;;;;;;;;;;;;;;;;;;;;;;;;;;;;;;;;;;;;;;;
;Papua New Guinea;Papua New Guinea;-6.315;1.439.555;1;1;1;1;1;1;1;1;1;1;1;;;;;;;;;;;;;;;;;;;;;;;;;;;;;;;;;;;;;;;;;;;;;;;;;;;;;;;;;;
;Paraguay;Paraguay;-234.425;-584.438;1;1;1;5;5;6;6;6;8;9;11;11;13;18;22;22;27;37;41;52;56;59;64;;;;;;;;;;;;;;;;;;;;;;;;;;;;;;;;;;;;;;;;;;;;;;
;Peru;Peru;-9.19;-750.152;1;1;6;7;11;11;15;28;38;43;86;117;145;234;234;318;363;395;416;480;580;635;671;852;950;;;;;;;;;;;;;;;;;;;;;;;;;;;;;;;;;;;;;;;;;;;;
;Philippines;Philippines;13.0;122.0;1;1;1;2;2;2;2;2;3;3;3;3;3;3;3;3;3;3;3;3;3;3;3;3;3;3;3;3;3;3;3;3;3;3;3;3;5;6;10;20;33;49;52;64;111;140;142;187;202;217;230;307;380;462;552;636;707;803;1075;1418;1546;;;;;;;;
;Poland;Poland;519.194;191.451;1;1;5;5;11;16;22;31;49;68;103;119;177;238;251;355;425;536;634;749;901;1051;1221;1389;1638;1862;2055;;;;;;;;;;;;;;;;;;;;;;;;;;;;;;;;;;;;;;;;;;
;Portugal;Portugal;393.999;-82.245;2;2;5;8;13;20;30;30;41;59;59;112;169;245;331;448;448;785;1020;1280;1600;2060;2362;2995;3544;4268;5170;5962;6408;;;;;;;;;;;;;;;;;;;;;;;;;;;;;;;;;;;;;;;;
;Qatar;Qatar;253.548;511.839;1;3;3;7;8;8;8;8;15;18;24;262;262;320;337;401;439;439;452;460;470;481;494;501;526;537;549;562;590;634;693;;;;;;;;;;;;;;;;;;;;;;;;;;;;;;;;;;;;;;
;Romania;Romania;459.432;249.668;1;1;3;3;3;3;3;4;6;9;9;15;15;25;45;49;89;123;131;158;184;260;277;308;367;433;576;794;906;1029;1292;1452;1815;2109;;;;;;;;;;;;;;;;;;;;;;;;;;;;;;;;;;;
;Russia;Russia;60.0;90.0;2;2;2;2;2;2;2;2;2;2;2;2;2;2;2;2;2;2;2;2;2;2;2;2;2;2;2;2;2;2;2;3;3;3;4;13;13;17;17;20;20;28;45;59;63;90;114;147;199;253;306;367;438;495;658;840;1036;1264;1534;1836;;;;;;;;;
;Rwanda;Rwanda;-19.403;298.739;1;1;5;7;8;8;17;17;19;36;40;41;50;54;60;70;70;;;;;;;;;;;;;;;;;;;;;;;;;;;;;;;;;;;;;;;;;;;;;;;;;;;;
;Saint Lucia;Saint Lucia;139.094;-609.789;1;2;2;2;2;2;2;2;2;3;3;3;3;3;3;9;9;;;;;;;;;;;;;;;;;;;;;;;;;;;;;;;;;;;;;;;;;;;;;;;;;;;;
;Saint Vincent and the Grenadines;Saint Vincent and the Grenadines;129.843;-612.872;1;1;1;1;1;1;1;1;1;1;1;1;1;1;1;1;1;;;;;;;;;;;;;;;;;;;;;;;;;;;;;;;;;;;;;;;;;;;;;;;;;;;;
;San Marino;San Marino;439.424;124.578;1;1;1;1;8;10;16;21;21;23;36;36;51;62;69;80;80;101;109;109;119;119;144;144;175;187;187;208;208;223;224;224;230;;;;;;;;;;;;;;;;;;;;;;;;;;;;;;;;;;;;
;Saudi Arabia;Saudi Arabia;24.0;45.0;1;1;1;5;5;5;11;15;20;21;45;86;103;103;118;171;171;274;344;392;511;562;767;900;1012;1104;1203;1299;1453;;;;;;;;;;;;;;;;;;;;;;;;;;;;;;;;;;;;;;;;
;Senegal;Senegal;144.974;-144.524;1;2;4;4;4;4;4;4;4;4;4;10;10;24;24;26;31;31;38;47;67;79;86;99;105;119;130;142;162;;;;;;;;;;;;;;;;;;;;;;;;;;;;;;;;;;;;;;;;
;Serbia;Serbia;440.165;210.059;1;1;1;1;5;12;19;35;46;48;55;65;83;103;135;171;222;249;303;384;384;457;659;741;785;;;;;;;;;;;;;;;;;;;;;;;;;;;;;;;;;;;;;;;;;;;;
;Seychelles;Seychelles;-46.796;55.492;2;2;3;4;4;6;7;7;7;7;7;7;7;7;8;8;8;;;;;;;;;;;;;;;;;;;;;;;;;;;;;;;;;;;;;;;;;;;;;;;;;;;;
;Singapore;Singapore;12.833;1.038.333;1;3;3;4;5;7;7;10;13;16;18;18;24;28;28;30;33;40;45;47;50;58;67;72;75;77;81;84;84;85;85;89;89;91;93;93;93;102;106;108;110;110;117;130;138;150;150;160;178;178;200;212;226;243;266;313;345;385;432;455;509;558;631;683;732;802;844;879;
;Slovakia;Slovakia;48.669;19.699;1;1;3;3;7;10;16;32;44;54;63;72;105;123;137;178;185;186;204;216;226;269;292;314;336;;;;;;;;;;;;;;;;;;;;;;;;;;;;;;;;;;;;;;;;;;;;
;Slovenia;Slovenia;461.512;149.955;2;7;7;16;16;31;57;89;141;181;219;253;275;275;286;341;383;414;442;480;528;562;632;684;730;756;;;;;;;;;;;;;;;;;;;;;;;;;;;;;;;;;;;;;;;;;;;
;Somalia;Somalia;51.521;461.996;1;1;1;1;1;1;1;1;1;1;2;3;3;3;3;;;;;;;;;;;;;;;;;;;;;;;;;;;;;;;;;;;;;;;;;;;;;;;;;;;;;;
;South Africa;South Africa;-305.595;229.375;1;1;1;3;3;7;13;17;24;38;51;62;62;116;150;202;240;274;402;554;709;927;1170;1187;1280;1326;;;;;;;;;;;;;;;;;;;;;;;;;;;;;;;;;;;;;;;;;;;
;Spain;Spain;40.0;-4.0;1;1;1;1;1;1;1;1;2;2;2;2;2;2;2;2;2;2;2;2;2;2;2;2;6;13;15;32;45;84;120;165;222;259;400;500;673;1073;1695;2277;2277;5232;6391;7798;9942;11748;13910;17963;20410;25374;28768;35136;39885;49515;57786;65719;73235;80110;87956;;;;;;;;;;
;Sri Lanka;Sri Lanka;7.0;81.0;1;1;1;1;1;1;1;1;1;1;1;1;1;1;1;1;1;1;1;1;1;1;1;1;1;1;1;1;1;1;1;1;1;1;1;1;1;1;1;1;1;1;1;1;2;2;6;10;18;28;44;51;60;73;77;82;97;102;102;106;106;113;117;122;;;;;
;Sudan;Sudan;128.628;302.176;1;1;1;1;1;2;2;2;2;2;2;3;3;3;3;5;6;6;;;;;;;;;;;;;;;;;;;;;;;;;;;;;;;;;;;;;;;;;;;;;;;;;;;
;Suriname;Suriname;39.193;-560.278;1;1;1;1;1;1;4;4;5;5;7;8;8;8;8;8;8;;;;;;;;;;;;;;;;;;;;;;;;;;;;;;;;;;;;;;;;;;;;;;;;;;;;
;Sweden;Sweden;63.0;16.0;1;1;1;1;1;1;1;1;1;1;1;1;1;1;1;1;1;1;1;1;1;1;1;1;1;1;2;7;7;12;14;15;21;35;94;101;161;203;248;355;500;599;814;961;1022;1103;1190;1279;1439;1639;1763;1934;2046;2286;2526;2840;3069;3447;3700;4028;;;;;;;;;
;Switzerland;Switzerland;468.182;82.275;1;1;8;8;18;27;42;56;90;114;214;268;337;374;491;652;652;1139;1359;2200;2200;2700;3028;4075;5294;6575;7474;8795;9877;10897;11811;12928;14076;14829;15922;;;;;;;;;;;;;;;;;;;;;;;;;;;;;;;;;;
;Taiwan*;Taiwan*;23.7;121.0;1;1;3;3;4;5;8;8;9;10;10;10;10;11;11;16;16;17;18;18;18;18;18;18;18;20;22;22;23;24;26;26;28;30;31;32;32;34;39;40;41;42;42;44;45;45;45;45;47;48;49;50;53;59;67;77;100;108;135;153;169;195;215;235;252;267;283;298;306
;Tanzania;Tanzania;-6.369;348.888;1;1;3;6;6;6;12;12;12;12;13;13;14;14;19;;;;;;;;;;;;;;;;;;;;;;;;;;;;;;;;;;;;;;;;;;;;;;;;;;;;;;
;Thailand;Thailand;15.0;101.0;2;3;5;7;8;8;14;14;14;19;19;19;19;25;25;25;25;32;32;32;33;33;33;33;33;34;35;35;35;35;35;35;35;35;37;40;40;41;42;42;43;43;43;47;48;50;50;50;53;59;70;75;82;114;147;177;212;272;322;411;599;721;827;934;1045;1136;1245;1388;1524
;Togo;Togo;86.195;0.8248;1;1;1;1;1;1;1;1;1;1;1;1;1;1;9;16;16;18;20;23;23;25;25;25;30;;;;;;;;;;;;;;;;;;;;;;;;;;;;;;;;;;;;;;;;;;;;
;Trinidad and Tobago;Trinidad and Tobago;106.918;-612.225;2;2;4;5;7;9;9;49;50;51;57;60;65;66;74;78;82;;;;;;;;;;;;;;;;;;;;;;;;;;;;;;;;;;;;;;;;;;;;;;;;;;;;
;Tunisia;Tunisia;34.0;9.0;1;1;1;1;2;2;5;7;7;16;18;18;20;24;29;39;54;60;75;89;114;173;197;227;278;312;312;;;;;;;;;;;;;;;;;;;;;;;;;;;;;;;;;;;;;;;;;;
;Turkey;Turkey;389.637;352.433;1;1;5;5;6;18;47;98;192;359;670;1236;1529;1872;2433;3629;5698;7402;9217;10827;;;;;;;;;;;;;;;;;;;;;;;;;;;;;;;;;;;;;;;;;;;;;;;;;
;Uganda;Uganda;1.0;32.0;1;1;9;9;14;14;23;30;33;33;;;;;;;;;;;;;;;;;;;;;;;;;;;;;;;;;;;;;;;;;;;;;;;;;;;;;;;;;;;
;Ukraine;Ukraine;483.794;311.656;1;1;1;1;1;1;1;1;1;1;3;3;3;7;14;14;16;29;47;73;73;97;145;196;310;356;475;548;;;;;;;;;;;;;;;;;;;;;;;;;;;;;;;;;;;;;;;;;
;United Arab Emirates;United Arab Emirates;24.0;54.0;4;4;4;4;5;5;5;5;5;5;7;7;8;8;8;8;8;8;9;9;9;9;9;9;13;13;13;13;13;13;19;21;21;21;27;27;29;29;45;45;45;74;74;85;85;85;98;98;98;113;140;140;153;153;198;248;333;333;405;468;570;611;;;;;;;
Bermuda;United Kingdom;United Kingdom - Bermuda;323.078;-647.505;2;2;2;6;6;6;7;15;17;17;22;27;;;;;;;;;;;;;;;;;;;;;;;;;;;;;;;;;;;;;;;;;;;;;;;;;;;;;;;;;
Cayman Islands;United Kingdom;United Kingdom - Cayman Islands;193.133;-812.546;1;1;1;1;1;1;3;3;3;3;5;6;8;8;8;8;8;12;;;;;;;;;;;;;;;;;;;;;;;;;;;;;;;;;;;;;;;;;;;;;;;;;;;
Channel Islands;United Kingdom;United Kingdom - Channel Islands;493.723;-23.644;1;2;2;2;2;3;6;6;6;11;14;32;32;36;36;46;66;88;97;108;141;;;;;;;;;;;;;;;;;;;;;;;;;;;;;;;;;;;;;;;;;;;;;;;;
Gibraltar;United Kingdom;United Kingdom - Gibraltar;361.408;-53.536;1;1;1;1;1;1;1;1;1;1;1;1;1;3;8;10;10;10;15;15;15;26;35;55;56;65;69;;;;;;;;;;;;;;;;;;;;;;;;;;;;;;;;;;;;;;;;;;
Isle of Man;United Kingdom;United Kingdom - Isle of Man;542.361;-45.481;1;1;5;13;23;23;25;29;32;42;49;;;;;;;;;;;;;;;;;;;;;;;;;;;;;;;;;;;;;;;;;;;;;;;;;;;;;;;;;;
Montserrat;United Kingdom;United Kingdom - Montserrat;167.425;-621.874;1;1;1;1;1;1;1;1;5;5;5;5;5;;;;;;;;;;;;;;;;;;;;;;;;;;;;;;;;;;;;;;;;;;;;;;;;;;;;;;;;
;United Kingdom;United Kingdom;553.781;361.005.052;2;2;2;2;2;2;2;3;3;3;8;8;9;9;9;9;9;9;9;9;9;9;9;9;13;13;13;15;20;23;36;40;51;85;115;163;206;273;321;382;456;456;798;1140;1140;1543;1950;2626;2689;3983;5018;5683;6650;8077;9529;11658;14543;17089;19522;22141;;;;;;;;;
;Uruguay;Uruguay;-325.228;-557.658;4;4;8;29;50;79;94;110;158;162;162;189;217;238;274;304;310;;;;;;;;;;;;;;;;;;;;;;;;;;;;;;;;;;;;;;;;;;;;;;;;;;;;
;US;US;370.902;-957.129;1;1;2;2;5;5;5;5;5;7;8;8;11;11;11;11;11;11;11;11;12;12;13;13;13;13;13;13;13;13;15;15;15;51;51;57;58;60;68;74;98;118;149;217;262;402;518;583;959;1281;1663;2179;2727;3499;4632;6421;7783;13677;19100;25489;33276;43847;53740;65778;83836;101657;121478;140886;161807
;Uzbekistan;Uzbekistan;413.775;645.853;1;6;10;15;23;33;43;43;46;50;60;75;88;104;144;149;;;;;;;;;;;;;;;;;;;;;;;;;;;;;;;;;;;;;;;;;;;;;;;;;;;;;
;Venezuela;Venezuela;64.238;-665.897;2;10;17;33;36;42;42;70;70;77;84;91;107;107;119;119;135;;;;;;;;;;;;;;;;;;;;;;;;;;;;;;;;;;;;;;;;;;;;;;;;;;;;
;Vietnam;Vietnam;16.0;108.0;2;2;2;2;2;2;2;2;2;6;6;8;8;8;10;10;13;13;14;15;15;16;16;16;16;16;16;16;16;16;16;16;16;16;16;16;16;16;16;16;16;16;16;16;18;30;30;31;38;39;47;53;56;61;66;75;85;91;94;113;123;134;141;153;163;174;188;203;
;Zambia;Zambia;-154.167;282.833;2;2;2;2;3;3;3;12;16;22;28;29;35;;;;;;;;;;;;;;;;;;;;;;;;;;;;;;;;;;;;;;;;;;;;;;;;;;;;;;;;
;Zimbabwe;Zimbabwe;-20.0;30.0;1;3;3;3;3;3;3;5;7;7;7;;;;;;;;;;;;;;;;;;;;;;;;;;;;;;;;;;;;;;;;;;;;;;;;;;;;;;;;;;
Diamond Princess;Canada;Canada - Diamond Princess;0.0;0.0;;;;;;;;;;;;;;;;;;;;;;;;;;;;;;;;;;;;;;;;;;;;;;;;;;;;;;;;;;;;;;;;;;;;;
;Dominica;Dominica;15.415;-61.371;1;2;2;7;11;11;11;11;11;;;;;;;;;;;;;;;;;;;;;;;;;;;;;;;;;;;;;;;;;;;;;;;;;;;;;;;;;;;;
;Grenada;Grenada;121.165;-1.159.327.739;1;1;1;1;7;7;7;9;9;;;;;;;;;;;;;;;;;;;;;;;;;;;;;;;;;;;;;;;;;;;;;;;;;;;;;;;;;;;;
;Mozambique;Mozambique;-18.665.695;35.529.562;1;1;3;5;7;7;8;8;8;;;;;;;;;;;;;;;;;;;;;;;;;;;;;;;;;;;;;;;;;;;;;;;;;;;;;;;;;;;;
;Syria;Syria;34.802.075;1.519.087.361;1;1;1;5;5;5;5;9;10;;;;;;;;;;;;;;;;;;;;;;;;;;;;;;;;;;;;;;;;;;;;;;;;;;;;;;;;;;;;
;Timor-Leste;Timor-Leste;-8.874.217;125.727.539;1;1;1;1;1;1;1;1;1;;;;;;;;;;;;;;;;;;;;;;;;;;;;;;;;;;;;;;;;;;;;;;;;;;;;;;;;;;;;
;Belize;Belize;131.939;-595.432;1;1;2;2;2;2;2;3;;;;;;;;;;;;;;;;;;;;;;;;;;;;;;;;;;;;;;;;;;;;;;;;;;;;;;;;;;;;;
Recovered;Canada;Canada - Recovered;0.0;0.0;;;;;;;;;;;;;;;;;;;;;;;;;;;;;;;;;;;;;;;;;;;;;;;;;;;;;;;;;;;;;;;;;;;;;
;Laos;Laos;535.432.194;102.495.496;2;3;6;6;8;8;8;;;;;;;;;;;;;;;;;;;;;;;;;;;;;;;;;;;;;;;;;;;;;;;;;;;;;;;;;;;;;;
;Libya;Libya;263.351;17.228.331;1;1;1;1;3;8;8;;;;;;;;;;;;;;;;;;;;;;;;;;;;;;;;;;;;;;;;;;;;;;;;;;;;;;;;;;;;;;
;West Bank and Gaza;West Bank and Gaza;319.522;352.332;4;7;16;16;19;26;30;30;31;35;38;38;39;41;44;47;48;52;59;59;59;84;91;98;109;116;;;;;;;;;;;;;;;;;;;;;;;;;;;;;;;;;;;;;;;;;;;
;Guinea-Bissau;Guinea-Bissau;118.037;-151.804;2;2;2;2;2;8;;;;;;;;;;;;;;;;;;;;;;;;;;;;;;;;;;;;;;;;;;;;;;;;;;;;;;;;;;;;;;;
;Mali;Mali;17.570.692;421.217.279;2;4;11;18;18;25;;;;;;;;;;;;;;;;;;;;;;;;;;;;;;;;;;;;;;;;;;;;;;;;;;;;;;;;;;;;;;;
;Saint Kitts and Nevis;Saint Kitts and Nevis;17.357.822;-62.782.998;2;2;2;2;2;7;;;;;;;;;;;;;;;;;;;;;;;;;;;;;;;;;;;;;;;;;;;;;;;;;;;;;;;;;;;;;;;
Northwest Territories;Canada;Canada - Northwest Territories;648.255;-1.248.457;1;1;1;1;1;;;;;;;;;;;;;;;;;;;;;;;;;;;;;;;;;;;;;;;;;;;;;;;;;;;;;;;;;;;;;;;;
Yukon;Canada;Canada - Yukon;642.823;-135.0;3;3;4;4;4;;;;;;;;;;;;;;;;;;;;;;;;;;;;;;;;;;;;;;;;;;;;;;;;;;;;;;;;;;;;;;;;
;Kosovo;Kosovo;42.602.636;20.902.977;71;86;91;94;94;;;;;;;;;;;;;;;;;;;;;;;;;;;;;;;;;;;;;;;;;;;;;;;;;;;;;;;;;;;;;;;;
;Burma;Burma;219.162;95.956;8;8;10;14;;;;;;;;;;;;;;;;;;;;;;;;;;;;;;;;;;;;;;;;;;;;;;;;;;;;;;;;;;;;;;;;;
Anguilla;United Kingdom;United Kingdom - Anguilla;182.206;-630.686;2;2;2;;;;;;;;;;;;;;;;;;;;;;;;;;;;;;;;;;;;;;;;;;;;;;;;;;;;;;;;;;;;;;;;;;
British Virgin Islands;United Kingdom;United Kingdom - British Virgin Islands;184.207;-64.64;2;2;2;;;;;;;;;;;;;;;;;;;;;;;;;;;;;;;;;;;;;;;;;;;;;;;;;;;;;;;;;;;;;;;;;;
Turks and Caicos Islands;United Kingdom;United Kingdom - Turks and Caicos Islands;-866.111.487;-717.979;4;4;5;;;;;;;;;;;;;;;;;;;;;;;;;;;;;;;;;;;;;;;;;;;;;;;;;;;;;;;;;;;;;;;;;;
;MS Zaandam;MS Zaandam;0.0;0.0;2;2;2;;;;;;;;;;;;;;;;;;;;;;;;;;;;;;;;;;;;;;;;;;;;;;;;;;;;;;;;;;;;;;;;;;
;Botswana;Botswana;-223.285;246.849;3;;;;;;;;;;;;;;;;;;;;;;;;;;;;;;;;;;;;;;;;;;;;;;;;;;;;;;;;;;;;;;;;;;;;
Alagoas;Brazil;Brazil - Alagoas;;;1;1;1;1;1;1;1;1;1;1;4;5;7;7;7;9;11;11;14;17;;;;;;;;;;;;;;;;;;;;;;;;;;;;;;;;;;;;;;;;;;;;;;;;;
Amapá;Brazil;Brazil - Amapá;;;1;1;1;1;1;2;2;4;8;;;;;;;;;;;;;;;;;;;;;;;;;;;;;;;;;;;;;;;;;;;;;;;;;;;;;;;;;;;;
Amazonas;Brazil;Brazil - Amazonas;;;1;1;1;1;1;1;2;3;7;11;26;32;47;54;67;81;111;140;151;;;;;;;;;;;;;;;;;;;;;;;;;;;;;;;;;;;;;;;;;;;;;;;;;;
Bahia;Brazil;Brazil - Bahia;;;1;1;1;2;2;2;2;2;2;2;2;3;27;30;33;41;49;63;76;104;115;128;176;;;;;;;;;;;;;;;;;;;;;;;;;;;;;;;;;;;;;;;;;;;;;;
Ceará;Brazil;Brazil - Ceará;;;5;20;20;55;68;112;163;182;235;282;314;372;;;;;;;;;;;;;;;;;;;;;;;;;;;;;;;;;;;;;;;;;;;;;;;;;;;;;;;;;
Distrito Federal;Brazil;Brazil - Distrito Federal;;;1;1;2;2;2;5;8;12;22;36;42;87;100;117;133;160;160;230;260;;;;;;;;;;;;;;;;;;;;;;;;;;;;;;;;;;;;;;;;;;;;;;;;;;
Espírito Santo;Brazil;Brazil - Espírito Santo;;;1;1;1;1;1;1;1;1;1;1;1;1;11;11;13;26;26;29;33;39;47;53;72;;;;;;;;;;;;;;;;;;;;;;;;;;;;;;;;;;;;;;;;;;;;;;
Goiás;Brazil;Brazil - Goiás;;;3;3;3;3;6;12;12;15;20;21;23;27;39;49;56;61;;;;;;;;;;;;;;;;;;;;;;;;;;;;;;;;;;;;;;;;;;;;;;;;;;;;;
Maranhão;Brazil;Brazil - Maranhão;;;1;2;2;8;10;13;14;23;;;;;;;;;;;;;;;;;;;;;;;;;;;;;;;;;;;;;;;;;;;;;;;;;;;;;;;;;;;;;
Mato Grosso;Brazil;Brazil - Mato Grosso;;;1;2;2;2;7;11;11;13;18;;;;;;;;;;;;;;;;;;;;;;;;;;;;;;;;;;;;;;;;;;;;;;;;;;;;;;;;;;;;
Mato Grosso do Sul;Brazil;Brazil - Mato Grosso do Sul;;;2;4;7;7;9;16;21;21;23;25;28;31;44;;;;;;;;;;;;;;;;;;;;;;;;;;;;;;;;;;;;;;;;;;;;;;;;;;;;;;;;
Minas Gerais;Brazil;Brazil - Minas Gerais;;;1;1;1;1;2;2;2;5;7;19;29;35;38;83;128;130;153;189;205;261;;;;;;;;;;;;;;;;;;;;;;;;;;;;;;;;;;;;;;;;;;;;;;;;;
Pará;Brazil;Brazil - Pará;;;1;1;2;2;4;5;5;13;13;17;21;;;;;;;;;;;;;;;;;;;;;;;;;;;;;;;;;;;;;;;;;;;;;;;;;;;;;;;;;;
Paraíba;Brazil;Brazil - Paraíba;;;1;1;1;1;1;2;5;9;14;15;;;;;;;;;;;;;;;;;;;;;;;;;;;;;;;;;;;;;;;;;;;;;;;;;;;;;;;;;;;
Paraná;Brazil;Brazil - Paraná;;;6;6;6;6;6;6;14;23;32;43;50;56;65;102;119;133;155;;;;;;;;;;;;;;;;;;;;;;;;;;;;;;;;;;;;;;;;;;;;;;;;;;;;
Pernambuco;Brazil;Brazil - Pernambuco;;;2;2;2;2;16;22;28;30;30;37;42;42;48;56;68;78;;;;;;;;;;;;;;;;;;;;;;;;;;;;;;;;;;;;;;;;;;;;;;;;;;;;;
Piauí;Brazil;Brazil - Piauí;;;3;4;4;6;6;9;9;11;16;;;;;;;;;;;;;;;;;;;;;;;;;;;;;;;;;;;;;;;;;;;;;;;;;;;;;;;;;;;;
Rio de Janeiro;Brazil;Brazil - Rio de Janeiro;;;1;1;1;3;8;13;13;16;24;24;31;33;63;65;109;119;186;233;305;421;493;558;657;;;;;;;;;;;;;;;;;;;;;;;;;;;;;;;;;;;;;;;;;;;;;;
Rio Grande do Norte;Brazil;Brazil - Rio Grande do Norte;;;1;1;1;1;1;1;1;1;6;9;13;13;19;28;45;77;;;;;;;;;;;;;;;;;;;;;;;;;;;;;;;;;;;;;;;;;;;;;;;;;;;;;
Rio Grande do Sul;Brazil;Brazil - Rio Grande do Sul;;;1;2;4;4;6;6;8;20;28;28;37;60;72;86;98;168;195;197;241;;;;;;;;;;;;;;;;;;;;;;;;;;;;;;;;;;;;;;;;;;;;;;;;;;
Rondônia;Brazil;Brazil - Rondônia;;;1;1;3;3;3;5;6;6;6;;;;;;;;;;;;;;;;;;;;;;;;;;;;;;;;;;;;;;;;;;;;;;;;;;;;;;;;;;;;
Roraima;Brazil;Brazil - Roraima;;;2;2;2;8;10;12;16;;;;;;;;;;;;;;;;;;;;;;;;;;;;;;;;;;;;;;;;;;;;;;;;;;;;;;;;;;;;;;
Santa Catarina;Brazil;Brazil - Santa Catarina;;;2;3;6;7;7;14;20;21;51;57;68;107;122;149;184;197;;;;;;;;;;;;;;;;;;;;;;;;;;;;;;;;;;;;;;;;;;;;;;;;;;;;;
São Paulo;Brazil;Brazil - São Paulo;;;1;1;1;2;2;2;2;3;4;10;13;16;16;19;30;46;56;65;136;152;164;240;286;396;459;631;745;810;1052;1223;1.406;1.517;;;;;;;;;;;;;;;;;;;;;;;;;;;;;;;;;;;;;
Sergipe;Brazil;Brazil - Sergipe;;;1;1;1;4;6;6;6;10;10;10;15;16;16;16;16;;;;;;;;;;;;;;;;;;;;;;;;;;;;;;;;;;;;;;;;;;;;;;;;;;;;;;
Tocantins;Brazil;Brazil - Tocantins;;;1;1;1;2;2;5;7;7;8;9;10;;;;;;;;;;;;;;;;;;;;;;;;;;;;;;;;;;;;;;;;;;;;;;;;;;;;;;;;;;
Acre;Brazil;Brazil - Acre;;;1;3;3;7;9;11;11;17;25;25;42;;;;;;;;;;;;;;;;;;;;;;;;;;;;;;;;;;;;;;;;;;;;;;;;;;;;;;;;;;
Manaus;Brazil;Brazil - Manaus;;;1;1;1;1;1;1;2;3;7;11;25;31;45;52;63;74;105;131;140;;;;;;;;;;;;;;;;;;;;;;;;;;;;;;;;;;;;;;;;;;;;;;;;;;
